account,domain,category,quarter,ads_active,spend_usd,roas,roas_q1,cpa_usd,cpa_q1,thumbstop_pct,top_format
Olipop,olipop.com,Beverage,2026Q2,58,214000,3.6,3.0,11.20,14.30,3.6,Skeptic → believer
Jones Road Beauty,jonesroadbeauty.com,Beauty,2026Q2,52,186000,3.3,2.8,12.40,14.80,3.4,Testimonial
Magic Spoon,magicspoon.com,Food,2026Q2,49,158000,3.1,2.7,13.10,15.00,3.2,Testimonial
Caraway,carawayhome.com,Home,2026Q2,46,149000,2.8,2.5,14.60,16.70,3.0,Tutorial / how-to
Ridge,ridge.com,Accessories,2026Q2,44,132000,2.9,2.6,13.80,15.20,3.1,Skeptic → believer
Branch Basics,branchbasics.com,Home care,2026Q2,41,118000,2.7,2.6,15.20,16.10,2.9,Tutorial / how-to
Vuori,vuori.com,Apparel,2026Q2,39,104000,2.6,2.7,16.10,15.40,2.8,Studio ad-style
Liquid Death,liquiddeath.com,Beverage,2026Q2,46,92000,2.4,2.3,16.90,17.50,2.7,Unboxing
Graza,graza.co,Food,2026Q2,37,57000,2.2,2.4,18.40,17.30,2.5,Studio ad-style
